CustomerID,Age,AnnualIncome,SpendingScore,Region,Category,PurchaseFrequency
1,50,87987.10873172004,95.35536758769635,West,Electronics,4
2,43,78492.67365825537,100.97935663174168,North,Electronics,5
3,47,61192.60739840348,92.20770822468006,West,Home,5
4,58,47061.26444588852,79.5648186053335,South,Home,1
5,37,73964.46627227179,89.1086717536688,South,Home,5
6,27,67869.70770843499,77.01856620272098,North,Beauty,8
7,63,77903.86440055465,93.13571155579473,South,Electronics,6
8,54,72703.43603363939,107.44639397751997,South,Electronics,2
9,34,80991.05430638671,92.9668258310604,East,Home,5
10,31,49295.29576878864,51.65305202312658,West,Clothing,5
11,34,250000.0,96.69936376142363,North,Home,4
12,24,63951.99209384799,82.50750173276079,North,Beauty,6
13,42,101505.21745250531,98.92738684636275,North,Home,5
14,18,46216.243638208645,93.76281407114625,North,Home,6
15,18,94719.27606330498,76.95570567689639,North,Beauty,5
16,33,63958.21566925295,94.89635621520817,South,Home,4
17,32,46971.63992771103,110.19085653069814,East,Electronics,7
18,28,50322.28331891357,57.81558805530521,North,Clothing,5
19,29,53593.0538361136,91.33660779487398,East,Home,7
20,18,68483.31892803832,78.17031434553797,East,Beauty,6
21,42,70456.70976070999,55.035697183892836,South,Clothing,4
22,27,48525.99992122842,73.62164463671468,North,Beauty,8
23,25,59512.90815478034,61.30363426424074,South,Clothing,4
24,18,102845.40717223728,78.89060613049742,North,Clothing,3
25,33,94550.86340201422,87.73878661323255,South,Home,5
26,90,68726.47339348064,60.79614055050688,East,Electronics,10
27,26,60760.069563364006,104.33478322672408,North,Home,6
28,34,62400.62653436523,78.18775659517172,West,Beauty,4
29,22,72270.35945460833,73.20808641029777,East,Beauty,3
30,21,39544.14869603189,57.08801606502115,West,Clothing,3
31,18,54852.4692515331,62.74327265198315,East,Clothing,5
32,67,26628.318522448208,92.60315402153581,South,Electronics,2
33,39,67984.46245210558,95.72312287249669,North,Home,6
34,18,72943.91879405481,76.02748152025497,East,Beauty,2
35,34,50336.27075401252,65.6004587049555,South,Clothing,5
36,30,91479.73526580066,108.23956126273059,North,Electronics,2
37,32,35484.68673995318,73.89070287777905,North,Beauty,6
38,18,30712.502395803596,75.15559662337573,East,Clothing,3
39,18,64489.03637119944,77.61385637144714,North,Beauty,5
40,47,80941.9660522431,103.12379119766771,East,Electronics,2
41,53,93678.55382915738,101.40283843517807,North,Electronics,6
42,32,50822.3147426212,72.26262941448809,West,Beauty,6
43,38,81573.61666862591,95.74716757973631,South,Home,7
44,26,59229.83060998585,66.74231289515937,West,Beauty,6
45,18,56547.45400118361,75.92421291400579,East,Clothing,6
46,31,77673.19874973345,101.60512919865496,West,Home,4
47,19,73046.4575682684,75.75623471634732,East,Clothing,4
48,42,28472.15686031501,77.57164971278299,North,Beauty,7
49,44,89530.80699451792,88.10140551616932,North,Home,5
50,18,87601.82708294904,70.03097791049089,East,Clothing,5
51,33,47488.74596980941,64.26145384845299,West,Beauty,8
52,25,67916.07066874819,73.39123648004896,North,Beauty,4
53,31,69880.60372565477,94.83681241833236,South,Home,2
54,37,65213.47531647814,68.83759482078953,North,Beauty,3
55,57,48993.8969230916,102.5461532361197,South,Electronics,4
56,36,46567.53264123897,56.50342831103984,West,Clothing,6
57,18,59488.91858017109,66.63786549534564,South,Clothing,9
58,26,83454.58038518729,84.06344067178398,South,Beauty,3
59,33,70872.00309188865,64.3757710953363,South,Beauty,5
60,56,52587.71335827788,96.87856752164987,South,Electronics,3
61,34,75433.97421296689,106.42865308361287,North,Home,2
62,27,3029.147587398489,83.91852067739376,South,Beauty,4
63,18,82975.31400744207,83.2858841055101,North,Beauty,9
64,18,25205.724424438005,82.08547662211623,South,Beauty,4
65,39,52751.18117193736,63.07683156491022,East,Beauty,5
66,41,37606.60210747713,44.72703497758363,West,Clothing,8
67,29,34106.37048558188,75.85570621019036,South,Beauty,8
68,37,83216.5357475704,54.94801598122015,East,Clothing,5
69,34,50645.97597376217,66.882566887901,South,Beauty,3
70,32,66930.07763461431,95.26714472870214,South,Home,9
71,49,59061.58842241632,108.69480263799916,South,Electronics,2
72,58,69540.81654446243,87.17566056527046,East,Home,8
73,29,61536.43782120511,79.33330626599206,West,Beauty,7
74,48,34340.15551622861,58.64468985446133,East,Beauty,6
75,18,79925.3363889428,87.93420752771958,West,Beauty,9
76,49,50124.868336773754,88.03190770481658,South,Home,3
77,31,28868.362026804978,69.22363455993414,North,Beauty,6
78,36,51437.69678068175,85.25870734960793,South,Home,7
79,26,90015.19581268622,66.40531093690333,West,Clothing,7
80,21,77004.43484226985,119.04011331268096,East,Electronics,5
81,42,53026.957311842816,100.46280227593905,South,Electronics,5
82,44,53014.84591363143,80.27685498099366,East,Home,1
83,42,53567.298975652346,56.702947709061206,East,Clothing,7
84,33,101534.95967121681,93.10507890030047,East,Home,4
85,18,67638.70904463106,70.59541584694006,South,Clothing,7
86,23,68600.8329438214,71.06238518786503,East,Beauty,5
87,35,80605.66908063684,55.6224550968025,East,Clothing,5
88,28,64775.78318053027,57.719513819971795,South,Clothing,3
89,18,54819.15708358594,72.3462783594931,East,Clothing,5
90,51,56073.003018300435,110.54927832874232,South,Electronics,5
91,26,58567.97481171872,59.51341426821165,West,Clothing,4
92,41,59255.55526980317,70.70659908453958,West,Beauty,3
93,21,74552.5908727396,79.67729373704817,West,Beauty,3
94,26,61038.91771614599,80.54505099450499,East,Beauty,5
95,20,74652.80154431159,66.47041019396607,North,Clothing,10
96,22,58385.668397828355,106.78050625834994,North,Home,2
97,43,61572.70380632181,94.94145828318001,East,Home,5
98,33,20035.986309357846,62.10062445895916,North,Beauty,3
99,45,78326.55349404963,104.13497256635048,South,Electronics,4
100,37,66929.76951795985,98.57038582112017,North,Home,6
101,18,79960.20219719305,71.8166734033877,East,Clothing,3
102,34,2074.892436126218,90.56476910531842,East,Home,4
103,25,101767.49409561456,80.32085351170522,South,Beauty,4
104,35,57208.207436896526,103.32437748013882,West,Electronics,5
105,38,82163.65633475033,101.57936245061157,East,Home,8
106,44,39201.881457489384,85.67553349906808,South,Home,5
107,52,72255.4781012514,74.02724452678447,North,Beauty,6
108,47,38931.68873652688,109.76456525615211,North,Electronics,3
109,48,47524.6207860839,111.38888792599222,South,Electronics,4
110,29,98280.62707733572,70.74179455411526,South,Beauty,5
111,18,56186.35198473307,81.80858508128559,East,Clothing,6
112,39,64348.657463594456,94.06412199334984,North,Home,7
113,25,77401.35461377508,67.3570617883618,South,Clothing,5
114,69,69913.63775945209,77.94823855046131,North,Home,2
115,37,63008.37810287153,93.13063089842707,South,Home,6
116,28,67299.2200493245,54.52370689666439,North,Clothing,4
117,29,108068.31170476551,82.47574306054484,West,Beauty,2
118,18,58847.62405932829,78.68419363970087,East,Beauty,4
119,53,64021.98093429935,92.69296069147804,North,Home,2
120,39,81013.08792015223,61.137951312193465,West,Beauty,3
121,49,82110.51865915967,84.4744473991702,North,Home,4
122,19,83740.6061112076,76.47183778796602,North,Beauty,7
123,56,72774.60444058369,77.75197372144036,West,Home,5
124,18,37139.90174539033,86.24101983837637,North,Beauty,5
125,52,92668.63064602192,98.8348736814022,North,Electronics,7
126,51,37073.09213962624,43.562234166124796,East,Clothing,9
127,33,66052.70930478067,105.98174869812202,West,Electronics,7
128,18,44914.48299961284,68.89454909034568,West,Clothing,6
129,26,58717.23306814015,61.67831176310416,South,Clothing,6
130,33,66575.2482060696,96.0999774310321,North,Home,9
131,18,66427.14430900547,69.72414108023118,East,Clothing,2
132,45,68438.41508470569,101.6381252127317,North,Electronics,3
133,32,92274.22538117295,112.5736586375885,North,Electronics,9
134,35,69070.6860302796,65.80911758834235,South,Beauty,3
135,33,55116.867294187025,114.88928327515256,North,Electronics,8
136,48,79281.74336576715,60.49830670496756,East,Beauty,5
137,18,83789.40977849282,72.57813941997236,East,Clothing,4
138,41,35447.84369726015,107.35243665431787,South,Electronics,9
139,34,71948.00139699716,58.93729691044456,North,Clothing,2
140,30,74023.45484621797,110.50861604235885,East,Electronics,5
141,47,54048.72993280016,108.99005885152214,North,Electronics,10
142,45,87514.13626623238,67.96769716146595,North,Beauty,5
143,18,56998.88825934946,72.76228693444722,North,Clothing,4
144,47,62511.52906943084,99.93581763474239,South,Electronics,7
145,43,56538.56351432261,89.00086632856737,North,Home,3
146,34,60311.58095162935,61.89914320377525,East,Clothing,6
147,18,38074.49826209596,68.12445502528217,North,Clothing,3
148,18,31198.982348114114,78.34259492736277,East,Clothing,3
149,36,91890.10126449945,69.51530058369286,North,Beauty,4
150,43,43060.77303363344,107.88691459541323,East,Home,1
151,28,40172.15301087385,57.059761883834966,East,Clothing,2
152,49,16932.197727925704,105.65459669183454,North,Electronics,4
153,36,47220.765046209955,105.5596860082436,North,Electronics,5
154,32,33538.204131850034,74.4231147624337,East,Beauty,8
155,48,92840.30320272737,103.15511479005447,West,Electronics,7
156,18,80196.34178685269,70.28464533171044,South,Clothing,7
157,67,46236.99309644553,90.93218717604775,West,Electronics,2
158,30,105048.71610688618,67.16916419329922,West,Clothing,6
159,30,79635.3097398319,109.72073908673595,North,Electronics,8
160,47,53503.37232982755,92.38253738219987,South,Home,6
161,18,10011.88570252854,79.68914770379168,West,Beauty,4
162,39,105818.85145181484,70.39812659775787,North,Beauty,4
163,53,32208.550664728078,83.95329712390688,West,Home,4
164,30,27092.025060862165,92.21944215406457,West,Home,1
165,41,80451.4086401928,64.8384940709523,North,Beauty,6
166,44,108795.04812678546,81.09855794715608,North,Home,8
167,34,87685.45637021036,51.1135225536395,North,Clothing,7
168,67,71278.18240104719,89.61306741268895,South,Electronics,7
169,27,71895.08683330572,75.15865471015196,West,Beauty,6
170,30,77068.31117560616,92.37390457131283,North,Home,6
171,18,75178.5717957353,66.28332412073776,East,Clothing,4
172,20,65623.82847938752,72.86313497152034,West,Beauty,3
173,39,62084.022079037524,93.57470885879566,East,Home,6
174,34,58748.13744200955,76.94216811251694,South,Beauty,3
175,43,44920.70822266648,98.13664325797384,North,Home,10
176,39,54386.49846266452,64.82862641591343,East,Beauty,5
177,25,26140.863716092288,68.21103696442779,South,Clothing,6
178,42,58033.207464105,59.78622273865513,North,Clothing,6
179,41,40228.17785698165,111.22427015590347,East,Electronics,4
180,62,37928.21365568458,62.14423743774695,East,Beauty,6
181,52,63597.88302306957,95.33536980945732,South,Electronics,5
182,19,87840.04572689199,76.83196519508567,North,Beauty,3
183,27,78366.33212004625,104.6084457119396,North,Home,2
184,45,28589.98792753646,91.14547415823189,East,Home,3
185,42,40207.43726859325,100.29883873725646,East,Electronics,2
186,38,78815.42375976432,69.50999505378661,East,Beauty,8
187,50,40350.252129233806,110.60496782922554,North,Electronics,7
188,24,55507.33700005951,62.1425219980588,South,Clothing,4
189,34,71001.04198049103,112.88923782327166,South,Electronics,3
190,26,40633.11090272729,100.07443150653482,North,Electronics,3
191,34,62107.5101229192,93.88416167148758,West,Home,6
192,55,33319.49010163591,94.67370630394798,South,Electronics,5
193,32,47972.64712097573,69.0251772455465,East,Beauty,1
194,25,66395.63868285074,101.34406178206078,West,Home,8
195,47,28140.125329366616,92.44005331218973,West,Electronics,9
196,29,68809.49475920798,56.8266445316157,South,Clothing,4
197,34,59607.24402146637,103.24654653292373,West,Electronics,7
198,46,71049.79908834296,86.3074266688298,West,Electronics,3
199,45,64478.28268129323,101.81505211153029,South,Electronics,7
200,26,87282.80859947688,96.90681001257713,South,Home,5
201,34,62504.49005295814,65.42002284415986,West,Beauty,6
202,31,51411.889177494944,64.2796791116538,East,Clothing,8
203,57,62445.95006064568,90.79029090419344,North,Electronics,2
204,42,70865.96058072775,57.77619806197349,West,Beauty,4
205,18,60977.20140651408,75.72337920703771,West,Beauty,9
206,28,60811.83382407765,107.09181997881937,East,Home,4
207,31,45960.16624386489,65.41774551290803,West,Clothing,4
208,46,46741.98164898103,88.5540490936246,West,Home,3
209,36,31947.89456400613,67.88045573392039,North,Beauty,4
210,76,94991.53486373878,50.55939589414442,North,Beauty,4
211,36,35122.7352921743,74.55189656641632,North,Beauty,6
212,53,46141.896044081856,85.56831070876636,South,Home,7
213,36,45631.85468861605,51.17668325743803,South,Clothing,3
214,52,77898.48753888882,99.29952628398219,North,Electronics,6
215,36,54101.00643415944,83.42088787489666,North,Home,8
216,39,84954.84145347468,65.77121270101576,South,Beauty,7
217,30,46530.18751512263,96.52282576738618,East,Home,3
218,27,65579.88324447603,69.59019617866413,West,Beauty,4
219,39,43293.05893480485,97.37439370558738,West,Electronics,6
220,45,102902.98255546777,102.9145592658602,North,Electronics,8
221,52,36248.03161940974,42.9804317551681,East,Clothing,3
222,18,66196.41420454055,76.78642606998643,South,Beauty,4
223,33,72675.53761864197,59.626283409918,North,Clothing,3
224,18,68275.98194902997,75.64680316714445,East,Clothing,8
225,39,56294.246822445835,103.42541860939836,East,Electronics,1
226,53,57403.586005331475,90.18242068982471,East,Home,3
227,40,60876.229439582195,87.16138711480727,South,Home,7
228,18,57059.95996743023,67.50465457384972,South,Clothing,5
229,36,79277.58233589819,114.50976482594298,West,Electronics,9
230,38,104210.46003182702,70.90031808952052,West,Beauty,5
231,31,48850.16429984333,93.24639832753594,East,Home,4
232,27,32603.940408418443,64.89646909991174,East,Clothing,5
233,40,58234.359032974906,96.46355508866833,South,Home,7
234,32,111594.18675308637,89.11671388240973,West,Home,3
235,55,43926.50864060538,66.91597257664671,East,Beauty,6
236,52,92782.33610888134,106.05678430872813,West,Electronics,7
237,18,93554.0162815288,91.33165133978144,West,Beauty,4
238,47,48928.23516584011,105.42672801505141,East,Electronics,4
239,32,71379.66158370551,101.78900503770959,South,Home,4
240,35,92567.93246257075,53.9493169658131,East,Clothing,3
241,20,52417.44518025026,81.0496637407362,East,Beauty,4
242,43,55928.392797952765,101.86693109669393,West,Electronics,2
243,46,48366.38172102712,86.83928054913449,East,Home,7
244,55,39704.86538614266,107.42690197630147,South,Electronics,6
245,30,47014.449098679856,102.2348236108009,East,Electronics,7
246,40,35521.19466475487,97.98220685218169,South,Electronics,5
247,34,60681.66936518452,93.55715889754399,South,Home,4
248,18,44600.53537882716,55.926532004631326,West,Clothing,5
249,46,64675.71823581495,49.88049463833703,North,Clothing,4
250,29,28882.087075927455,60.81616073256551,North,Clothing,7
251,29,66617.60464428914,110.08108450055468,West,Electronics,5
252,51,76670.5792321785,81.38060797437203,East,Home,6
253,70,20125.28714857089,101.2701905446056,West,Electronics,5
254,37,67481.13139695144,55.12080020051772,South,Clothing,2
255,18,84553.37984946584,66.20698368170258,North,Clothing,4
256,34,35807.17962617589,97.39023130213941,West,Home,4
257,60,93451.44773675407,93.98830546564956,East,Electronics,6
258,21,68380.3801873209,80.192716586338,West,Beauty,11
259,35,45899.76288483183,78.4881188985467,North,Beauty,6
260,34,58884.61844684588,48.92175512060591,West,Clothing,8
261,28,71166.53825043445,110.7993599251469,West,Home,5
262,44,61520.10782824823,102.08377378395359,North,Electronics,3
263,18,70775.11984892738,114.29044821944095,South,Electronics,5
264,18,41586.52813841267,66.42955597816051,South,Clothing,1
265,21,63387.21648072156,68.98827885824872,North,Clothing,8
266,30,31725.710061900398,114.72964792635189,West,Electronics,6
267,64,57775.47877302599,97.76588127164678,North,Electronics,4
268,18,41921.847170704204,77.78098719706841,South,Clothing,7
269,39,45289.40114820467,109.44537600699955,East,Electronics,1
270,31,84721.86350420874,73.66040730708406,West,Beauty,7
271,42,81826.20241188537,59.93856692069228,South,Clothing,3
272,27,72182.76241814354,108.35389663576319,West,Electronics,9
273,38,38153.744706548416,51.92045232425724,North,Clothing,4
274,40,53671.83100610396,96.40748619730316,East,Home,2
275,18,84261.95399958367,62.731468381848174,North,Clothing,4
276,30,62834.33827279809,62.48317307489948,East,Clothing,6
277,42,106386.59079963388,87.17857369029733,West,Home,2
278,22,67866.35678788743,79.73064838012085,West,Beauty,1
279,45,63840.98232980063,98.96646615813498,North,Electronics,7
280,35,53817.67071594997,100.67810292745737,East,Home,7
281,26,62670.81809564565,65.17550005798962,East,Clothing,6
282,52,56950.603272389126,92.53438874797514,West,Electronics,8
283,59,74162.17353377181,81.41660227032875,North,Home,7
284,30,79134.04633589167,110.41936250880467,East,Electronics,5
285,70,44280.21078984101,84.5979633536075,West,Electronics,6
286,18,33375.34092884444,111.3724249071378,South,Home,6
287,43,23275.892537934065,97.61291747375355,North,Electronics,7
288,37,70159.82653825087,67.39608069074,South,Beauty,6
289,43,37932.66787652252,95.03338201082181,North,Home,3
290,22,16942.18814095034,69.68978314572621,West,Beauty,3
291,22,67771.57209061929,66.00084802600249,East,Clothing,1
292,39,109859.99034865582,103.38154641544662,East,Electronics,5
293,18,59878.58176920213,56.429683628811176,East,Clothing,3
294,35,76769.81548903283,53.16557707558266,North,Clothing,9
295,49,61636.5871709513,98.05421912407891,West,Electronics,8
296,31,58022.20693617715,82.28429217264133,South,Home,4
297,55,78381.52965975537,94.81010735589022,West,Electronics,2
298,28,54194.509116226975,60.8515560485701,South,Clothing,3
299,34,65347.84628143806,60.43609097315213,North,Clothing,2
300,47,66433.95612392027,83.97960183522486,North,Home,4
301,35,46638.190927139025,109.83222298420131,South,Electronics,4
302,18,79840.84699073045,69.83653681301243,South,Clothing,5
303,38,56500.80486609183,65.08075549750212,South,Beauty,8
304,32,44885.096810143106,59.7212676114102,West,Clothing,6
305,24,70730.19687140807,64.65391903269118,South,Clothing,3
306,41,42030.64036417926,96.72192611417695,North,Home,5
307,45,60563.62314738257,64.95420480732672,North,Beauty,6
308,18,59817.62006711593,66.92432729180553,East,Clothing,3
309,31,81717.91131663157,62.92809687109242,South,Clothing,8
310,27,69493.96465759905,74.30392686250651,West,Beauty,8
311,42,59499.46082509712,104.3952390107514,West,Electronics,5
312,58,76355.32598400574,94.55921984744441,West,Electronics,4
313,34,87804.15098034627,59.56432825745455,East,Clothing,2
314,34,71156.20612703725,58.328688300236436,North,Clothing,6
315,60,60207.05239686761,95.91506464155741,West,Electronics,5
316,40,33763.27535299681,93.2582863607251,North,Home,6
317,38,38697.72673849255,78.13142927427697,East,Beauty,7
318,26,53895.50591290665,74.90638583795534,South,Beauty,3
319,43,47809.75595681433,85.88122026146075,South,Home,9
320,38,56260.57394029108,90.33205242253094,South,Home,2
321,41,61132.99849794214,82.4688168995531,West,Home,0
322,47,70593.85508713461,88.55813356236801,South,Home,6
323,30,58590.024438818175,108.55344863007882,West,Home,4
324,65,69730.03287652404,84.02466695366162,East,Home,6
325,18,61289.488296202406,84.89421722012821,East,Beauty,4
326,25,20490.668672922577,110.95208500594211,West,Home,5
327,58,41213.29212362491,91.04236479447684,North,Electronics,2
328,49,57118.24888556769,92.4119854489499,South,Home,5
329,47,35806.10514317785,94.13739671676346,South,Home,4
330,37,71998.57459992409,66.82461379211841,South,Beauty,3
331,29,90615.01664687395,71.44162057117383,West,Beauty,5
332,29,84375.23703394634,107.87039343872512,East,Home,3
333,30,55731.14258139584,65.85496181388275,South,Beauty,3
334,18,89814.52273699903,65.6581560043131,East,Clothing,4
335,41,62973.34914404223,63.28835993561714,South,Beauty,8
336,28,53258.28057763921,76.13490695681877,South,Beauty,5
337,20,47731.9467291812,77.53780090197067,West,Beauty,4
338,26,53950.60627023743,79.21469309948617,North,Beauty,4
339,49,52236.46362917543,101.02639311954839,West,Electronics,4
340,38,63408.32444750975,106.75301246422318,South,Electronics,4
341,35,63211.47962099729,99.9847657032126,South,Electronics,7
342,42,60060.92040306829,93.38631629671113,North,Home,8
343,42,68738.763394927,90.56386339246559,East,Home,7
344,18,83812.92549572683,66.40645712521241,East,Clothing,3
345,39,78991.08270882648,110.47846877185181,South,Electronics,6
346,42,30302.040631001928,96.66328758311006,East,Home,6
347,18,8921.577301960904,82.40626974172525,South,Beauty,4
348,18,78686.39822478547,79.2377313418113,North,Beauty,6
349,36,32662.42603169158,102.59283147386502,North,Electronics,9
350,22,55504.69196214633,66.42295689419637,South,Clothing,6
351,28,36597.739478812815,62.3373769444903,North,Clothing,4
352,47,23960.391248399603,74.7414843189348,West,Beauty,6
353,35,70829.25456409575,59.40413209172627,West,Clothing,7
354,43,75183.10320605294,103.95154899603217,North,Electronics,4
355,29,48469.791985465614,72.53048215643476,South,Beauty,3
356,27,8179.154157101802,106.26920118560942,South,Home,4
357,39,49075.11103495034,90.60017678643895,North,Home,5
358,21,67836.08010805093,71.21360930675593,East,Clothing,3
359,33,30421.768624517426,76.81500484852651,West,Beauty,5
360,20,63667.19839558311,75.49395396727661,East,Beauty,3
361,46,59693.80301654009,85.89215458829986,South,Home,5
362,48,71585.82999202177,67.04799739691784,South,Beauty,5
363,28,62391.60736828307,78.14007829575843,East,Beauty,5
364,34,40538.621182368894,71.5424598528779,North,Beauty,6
365,33,83931.43003328983,59.82581961373293,East,Clothing,6
366,25,56829.4085394606,63.22758538651699,East,Beauty,6
367,47,59453.909209801364,107.32205870267634,West,Electronics,5
368,25,41334.64081853608,59.255007397634216,West,Clothing,7
369,31,51134.354976169794,72.09126230428056,East,Beauty,3
370,20,42303.94571946198,83.65230023879988,East,Beauty,5
371,45,56541.07880153154,107.12838378856935,South,Electronics,7
372,30,94234.16960284687,64.41803392997085,West,Clothing,2
373,57,32561.977141372874,84.6942801621544,West,Home,8
374,51,27728.772042465178,91.15749433465831,South,Home,4
375,50,89423.40654987218,43.16900831165541,North,Clothing,2
376,20,55813.526456962674,80.13740416513865,West,Beauty,5
377,40,46618.54522680167,69.72919437614624,West,Beauty,5
378,42,80798.09374792152,95.4904552433078,North,Home,4
379,66,47887.689205262715,72.379161999062,West,Home,6
380,30,96520.19427093872,107.0580303353166,West,Home,8
381,34,73558.51742678539,108.17166694284418,North,Electronics,4
382,32,50241.77183708595,93.29417535301575,North,Home,3
383,19,103146.16426531007,113.68750498558965,East,Electronics,6
384,18,47885.70153993323,60.59293309630357,South,Clothing,4
385,20,74841.90744018614,68.8887153302124,South,Beauty,2
386,41,65985.85160812984,90.6746750155571,North,Home,3
387,34,86034.82578797596,66.89772464662471,North,Beauty,1
388,52,91230.22393453706,63.55678815575719,West,Beauty,9
389,51,60640.08298131533,82.4867282000609,East,Home,5
390,33,44931.64259307633,109.49164417968544,East,Home,3
391,18,69199.44285878233,69.67923632360035,North,Clothing,4
392,50,46445.692604957876,104.73755954287783,West,Electronics,3
393,29,100267.74495053246,113.8734748890431,West,Electronics,4
394,51,62730.70662165475,64.05191638393445,South,Beauty,6
395,54,52693.56897375783,86.71035335143984,South,Home,4
396,19,63693.60611729817,68.0819833389329,West,Clothing,2
397,18,33057.47420940607,66.77474388248002,South,Clothing,6
398,41,40567.71922978697,52.58591259506625,North,Clothing,3
399,23,84008.27815888851,60.469580838901706,West,Clothing,6
400,39,46862.114420572085,53.06661838559202,South,Clothing,2
401,25,39061.78034636121,109.40817489977935,East,Electronics,8
402,37,70733.05505054572,102.52553176499154,West,Electronics,3
403,45,83714.08309325993,92.13822409152002,West,Electronics,6
404,40,74379.06621330134,88.24512459659218,East,Home,4
405,24,79920.95371611633,81.57333390066451,North,Beauty,5
406,32,44864.09822861078,63.71798888136473,East,Clothing,6
407,27,31563.786665163127,103.31961774981222,West,Home,1
408,23,90026.67303910974,67.03252731773627,North,Clothing,5
409,46,53546.403223157286,102.77015920841794,South,Electronics,7
410,46,54983.339670899055,93.34567889655017,South,Home,6
411,53,86563.88283698115,98.086511274908,South,Electronics,6
412,18,71124.6001880132,69.40438910073146,West,Clothing,7
413,18,69117.75544163215,69.27019036442536,East,Clothing,4
414,45,103300.04689802168,64.27566622426953,North,Beauty,3
415,28,47129.63539239714,54.2517516488993,South,Clothing,8
416,36,78556.80256162475,112.68095687321271,North,Electronics,4
417,43,61140.26249794169,60.60092469390975,West,Clothing,5
418,31,65371.845577265136,74.02912043336907,South,Beauty,5
419,44,90569.36852825063,65.58187120965647,West,Beauty,3
420,45,70156.71512579247,104.29527546740184,East,Electronics,9
421,64,70765.92158099265,79.56136488210058,West,Home,8
422,46,81450.14674619604,54.96056950142459,West,Clothing,6
423,27,52700.945409142296,69.06528631749222,East,Beauty,3
424,36,43215.80665321987,53.4666544796343,North,Clothing,5
425,32,39103.81611957933,62.59799748812446,East,Clothing,5
426,56,20672.868212479967,88.70303356391692,East,Home,5
427,18,101124.14259880644,67.22104334452627,West,Beauty,3
428,33,37935.83268556633,58.14888189712687,North,Clothing,7
429,42,55574.92752828456,68.65504846065038,South,Beauty,3
430,23,54463.73400222159,120.17114597086345,East,Electronics,0
431,30,66148.13395618202,106.51317886041915,North,Electronics,6
432,18,76314.74425078594,73.56445247568828,East,Clothing,6
433,26,77209.46976719491,75.36973604206406,East,Beauty,4
434,33,48338.45122862123,60.67605764144801,East,Clothing,5
435,48,56657.56572427177,60.40912478949916,East,Beauty,9
436,30,65651.599009766,64.40413471742067,West,Beauty,5
437,59,55026.17747632906,78.87354019584568,North,Home,4
438,23,92146.91152039985,98.53540862525374,North,Home,3
439,19,69819.49903276503,92.94891672716969,North,Home,6
440,24,74697.55572099634,59.29250875043637,East,Clothing,2
441,44,73257.62537334826,83.8802445789022,West,Home,6
442,39,83469.4771497065,102.03815402835343,East,Home,6
443,20,63620.43117407414,120.6907516548381,East,Electronics,6
444,28,34063.36104088307,76.64869757204369,North,Beauty,5
445,18,67993.75903505283,79.17039962902224,East,Beauty,3
446,48,46972.86212416342,96.70714313861157,South,Home,4
447,34,49427.666365004865,73.28437361184072,East,Beauty,4
448,33,71727.28037510187,105.85541810447673,South,Electronics,5
449,38,84765.66142867271,109.88798030896136,East,Electronics,4
450,27,60425.43153472123,99.32894324324481,West,Home,4
451,44,66176.66025197928,95.70620803734653,West,Electronics,5
452,41,94044.29889270476,76.3202426520588,North,Beauty,5
453,18,64815.063589771366,66.78121740244946,East,Clothing,5
454,36,112033.6622836079,58.79284559840147,South,Beauty,7
455,18,71310.19291263088,66.60730532099772,South,Clothing,3
456,30,24784.74481688365,105.81465723594918,East,Home,2
457,23,75066.83242209065,61.002744035573926,South,Clothing,4
458,32,67623.16769765556,110.17567649683095,West,Electronics,4
459,23,85795.05508165491,72.50199595648819,South,Beauty,6
460,18,73463.62702539917,73.34542605133763,North,Clothing,3
461,53,57230.880320324526,59.95312193344043,West,Beauty,5
462,40,35514.035274212685,91.69962756695847,West,Home,5
463,31,55819.534854279496,95.78294848716045,West,Home,5
464,47,42989.590915814,91.57656029277045,East,Electronics,5
465,38,48389.53100390555,93.78255324232778,East,Home,3
466,22,71771.5680884122,73.3453325183913,West,Clothing,10
467,47,93398.09008702813,88.37539202338218,East,Home,5
468,54,67893.43059645963,96.66431257029123,South,Electronics,4
469,23,36082.33875929631,83.27413087073326,East,Beauty,4
470,23,68892.05336440282,67.81798490396757,East,Beauty,7
471,36,83932.62973291302,93.4240183821991,West,Home,3
472,18,47804.341913612356,72.7285093369643,North,Clothing,6
473,26,57319.65666654165,114.20176996938957,North,Electronics,2
474,41,60293.76389458394,46.17437351847978,North,Clothing,4
475,64,44302.033738355196,90.39515724384452,South,Electronics,4
476,37,72965.60867687718,99.71699053574777,East,Home,4
477,51,57581.037027844366,94.24781185622017,North,Electronics,8
478,48,68390.64887814055,105.23059234647967,West,Electronics,5
479,76,42250.156443957996,75.25067826978102,North,Home,8
480,38,51250.83399353179,45.99129916261869,North,Clothing,5
481,38,74447.62715655542,97.06240882216902,East,Home,7
482,33,52543.33695816466,107.98268605076538,East,Electronics,8
483,20,94539.2770246681,107.65690262638665,East,Home,3
484,47,52007.27628770795,99.05214676484664,South,Electronics,4
485,30,64493.69451503772,99.44092897827366,South,Home,6
486,18,78651.8166374618,91.17930512840303,North,Beauty,4
487,22,31632.685341339366,77.17927950783145,East,Beauty,4
488,27,24783.823760384483,94.1486433704588,North,Home,6
489,45,29486.873708598105,51.747659292525086,West,Clothing,2
490,55,85251.68206854364,97.70947960577138,West,Electronics,4
491,29,48962.83708215106,72.5199966913307,East,Beauty,2
492,42,111163.98571336505,50.68417704936908,East,Clothing,8
493,45,48715.04802685223,115.68334570972794,West,Electronics,7
494,19,63691.02606394074,77.00970118390546,East,Beauty,2
495,48,90842.19905135751,61.31868483909986,South,Beauty,5
496,46,100121.85776318246,82.73567055517981,South,Home,6
497,32,101230.07153272795,114.76751424890772,East,Electronics,7
498,22,84167.32461186284,65.0393025053354,West,Clothing,7
499,18,80481.25051622925,68.6629883601305,North,Clothing,7
500,18,71850.53898402366,62.98391576692951,East,Clothing,6
501,56,75567.22152333276,102.8128683409392,East,Electronics,5
502,47,48976.28567342933,42.42558085259297,North,Clothing,5
503,18,43636.02233155386,72.47966620173048,East,Clothing,8
504,31,59932.51085178096,60.177144173599785,North,Clothing,7
505,32,56596.307549501435,97.24390317403653,West,Home,4
506,34,50935.439013454496,94.64371847587533,South,Home,5
507,37,73927.7489491343,108.67773159496181,West,Electronics,8
508,34,79106.10417141022,108.83242636288574,South,Electronics,5
509,25,61768.13772583695,60.37091000816724,North,Clothing,2
510,30,89550.60162110523,97.93695714460061,South,Home,3
511,33,37166.2177173299,76.24058379634577,West,Beauty,7
512,29,56126.81081440564,67.6573962295878,South,Beauty,3
513,22,45663.5535879439,55.714282074338485,North,Clothing,8
514,18,22669.267658538804,70.35695631382495,South,Clothing,1
515,33,58346.386283146014,95.91972980375706,East,Home,5
516,49,57565.04983233433,100.91786830083284,West,Home,3
517,46,90268.99486484262,82.84886872179331,East,Home,5
518,33,72616.23369109555,96.51958855834792,North,Electronics,5
519,46,39516.263513415906,98.60509826768434,South,Electronics,2
520,34,97081.85132668377,64.35949772711972,East,Clothing,7
521,24,84420.67391050706,110.59712793398762,East,Electronics,2
522,46,71641.95406937231,79.55026865089438,South,Home,4
523,32,55470.31802300336,98.16188416759805,South,Home,5
524,51,40811.21526553041,90.12553967976234,West,Electronics,4
525,20,52555.86447857894,79.22707090821928,East,Beauty,4
526,18,81774.97239408371,74.88991220109462,East,Clothing,5
527,18,97691.72611869218,80.57909167146512,North,Beauty,4
528,25,90864.87056544378,58.26263054717468,West,Clothing,4
529,33,50223.01156427452,67.18933275742951,North,Beauty,5
530,34,37607.65133421977,102.21292104892284,East,Electronics,7
531,32,62817.72493822408,59.22276082785575,North,Clothing,6
532,18,24631.21268874297,65.66942959533158,East,Clothing,6
533,24,66463.35428369563,68.28980356919396,East,Clothing,8
534,25,57047.948274026625,98.11788722705903,North,Home,5
535,32,50679.26996263515,98.08033934864976,North,Home,2
536,30,28105.938654664093,85.42987587841948,South,Beauty,4
537,34,70272.00213139433,98.09581764538683,South,Electronics,6
538,35,49345.98320676177,97.91941511142001,South,Home,3
539,37,36601.66328579424,56.90922167264769,East,Clothing,3
540,33,2554.7557343670123,102.42052347589448,North,Home,5
541,55,59449.701898987274,97.30838082151314,West,Electronics,5
542,26,95445.03193339487,91.9638708980803,East,Home,6
543,31,93225.1842909574,50.65921544123384,West,Clothing,2
544,47,50858.07486827456,66.0952536737673,North,Beauty,6
545,18,47955.75879276439,75.99662819778159,East,Clothing,4
546,35,69375.48512150047,111.59382985424408,West,Electronics,3
547,36,40032.29121623417,72.56632772330572,West,Beauty,4
548,37,66035.83799638932,91.21641051071418,South,Home,2
549,44,75321.6055676938,92.64380629440382,South,Home,6
550,32,84538.66447768615,100.35231797843613,South,Home,8
551,31,57996.918470400946,77.68888390334331,East,Beauty,5
552,23,55926.524996460685,65.81650755117116,North,Clothing,6
553,44,42440.34826486878,58.39325027340726,North,Beauty,5
554,33,43462.3929192028,79.76145954561017,South,Beauty,5
555,49,55470.422161969465,106.03387259312164,South,Electronics,6
556,25,67347.31013632356,62.455214107524625,South,Beauty,4
557,34,78271.69252466499,106.46724775144193,West,Home,4
558,19,43936.4209863931,63.834761895122384,South,Clothing,5
559,29,89853.77137919044,59.120521392799134,West,Clothing,5
560,19,54577.527979148625,59.377988964763645,North,Clothing,4
561,43,59572.654113031276,95.77851985556933,East,Home,4
562,64,45055.76641704353,80.21605702056861,East,Home,7
563,50,11515.194794541167,83.04782123528669,East,Home,5
564,36,77680.907927221,91.6785507364049,East,Home,4
565,54,74736.87794184867,82.53648588521446,West,Home,3
566,25,54373.44885763573,71.1561679498074,West,Beauty,9
567,18,61339.81434449744,108.2761681425688,South,Home,6
568,27,70318.78435408199,100.28498722792915,West,Home,6
569,18,28749.082862269148,97.38175214578911,South,Home,4
570,35,49418.9464530741,92.82049265454783,South,Home,7
571,25,75885.29359243654,65.33270493540829,East,Clothing,6
572,60,34914.21153661501,86.88773776725711,West,Home,6
573,33,65871.15864333259,68.70484163410549,West,Beauty,2
574,27,32868.3639075319,76.90861682485253,South,Beauty,6
575,39,69328.59964867053,69.09359133070744,South,Beauty,4
576,18,59287.17035405033,118.0739223103962,North,Electronics,7
577,27,27697.363681889812,58.257653999904306,North,Clothing,8
578,49,83294.78708914343,89.7583117748703,South,Home,6
579,27,45308.168464039016,106.68301829400716,North,Electronics,3
580,53,43794.95125971238,88.84322308006385,North,Home,4
581,49,64011.38394461886,90.83967420740021,South,Electronics,5
582,40,82972.7469885743,96.21565650299249,South,Electronics,3
583,37,39683.56362043206,68.16592629650803,West,Beauty,5
584,57,61233.59699695943,58.94001327686138,South,Beauty,8
585,47,68576.33000661146,95.1550871137275,South,Electronics,8
586,32,73862.11214526289,66.60988488238716,East,Beauty,5
587,39,63528.8311055445,101.05570150982163,West,Electronics,5
588,18,52659.44321833355,57.21777311497483,West,Clothing,8
589,39,43448.195587025606,60.51383802757914,West,Beauty,5
590,19,61722.877660927494,81.6325581116803,East,Beauty,4
591,30,38557.21976028786,75.96853056268093,South,Beauty,3
592,19,1572.990330107852,63.643713146648025,West,Clothing,7
593,50,68731.19608315335,99.20125751004207,West,Electronics,4
594,44,78078.6968217239,92.41460855028632,North,Home,4
595,42,12741.351289163234,74.42247187578529,West,Beauty,5
596,38,39805.385905801246,100.92917890936516,South,Electronics,3
597,21,72383.08522010395,69.40574857785177,South,Clothing,5
598,28,101149.90939423398,106.6321536730443,North,Home,4
599,24,60415.87415350816,71.54991451592396,West,Beauty,6
600,29,45439.94117541731,58.56535276700026,West,Clothing,5
601,34,56342.0711779032,66.6899249256176,West,Clothing,5
602,28,87497.5283829637,99.68021531912186,East,Home,2
603,55,47080.71641750929,99.19487946834131,West,Electronics,5
604,46,44016.15986699493,67.96407605150462,South,Beauty,3
605,34,50345.12955635935,69.08146635817634,South,Beauty,3
606,67,40933.42783482575,90.33863248600264,East,Electronics,5
607,35,62453.40631989591,107.55272855870513,East,Electronics,4
608,30,92493.56916939121,115.70125276335602,West,Electronics,3
609,18,66461.58546232058,101.56988601064651,North,Home,4
610,57,54952.92995747425,79.4212247943322,East,Home,2
611,37,54163.77462168912,74.9523749259674,East,Beauty,6
612,39,28736.18382606686,94.24804729104856,West,Home,7
613,28,77662.19554294318,63.14483974274259,West,Clothing,3
614,18,58443.25605974396,84.60981388339071,East,Beauty,5
615,69,56390.401728187484,65.79647992612458,North,Home,4
616,46,123862.15135689722,96.09884132899815,East,Electronics,6
617,26,65975.05816731372,63.693790811401826,West,Clothing,6
618,53,44964.178998096315,100.59352289146184,West,Electronics,2
619,35,51472.84807588914,71.05604699612229,East,Beauty,2
620,47,82968.91418393509,101.43013385761964,North,Electronics,5
621,30,62265.40821075529,96.57855499083644,East,Home,2
622,45,31234.440433652668,88.97080070039328,East,Home,7
623,52,78384.57869150407,59.802349216670066,West,Beauty,4
624,61,46637.11828922012,92.83256859515153,North,Electronics,5
625,49,97465.95552435091,67.8046608930413,South,Beauty,7
626,38,81600.96131429297,110.4262816043298,North,Electronics,5
627,18,51053.562086824975,67.85800867041196,East,Clothing,7
628,38,85620.32723470226,86.6776457319136,East,Home,1
629,30,61357.11021054807,75.73452261628283,East,Beauty,3
630,38,77055.4735024444,55.658568961178545,North,Clothing,4
631,18,69694.6563458895,71.68288182440249,West,Clothing,9
632,48,43072.86690018253,60.07779798956909,East,Beauty,4
633,28,47129.00335365076,66.86100663260285,East,Beauty,5
634,19,80599.21635162322,63.98865303958736,North,Clothing,6
635,32,53304.493357869185,113.39507077278503,South,Electronics,6
636,18,51927.030735160064,75.15433581033574,South,Clothing,3
637,39,40897.54841301294,66.55733549659102,West,Beauty,3
638,25,68471.98131186923,57.82084385104717,West,Clothing,5
639,29,101250.4983848629,105.76754602005786,East,Electronics,7
640,24,38649.34171491454,95.85867080672003,North,Home,6
641,35,60484.38913345516,99.0482876507412,East,Home,6
642,45,88244.41110830859,47.12053085637871,West,Clothing,4
643,41,58407.172175085696,103.58919708071038,North,Electronics,7
644,21,69047.43592499467,103.15355874537481,North,Home,4
645,22,38752.12943706241,58.38402474562311,West,Clothing,8
646,21,68566.14194415297,74.72827273838577,South,Clothing,5
647,18,56257.11469990903,120.40605841292033,South,Electronics,5
648,29,79714.59991359725,80.57706907674104,North,Beauty,4
649,22,83747.72103129502,66.6517145083529,East,Clothing,5
650,38,111791.27284037229,74.23243579366519,South,Beauty,2
651,52,71592.6634642715,55.9383626516471,East,Beauty,3
652,53,66515.92633164334,86.50894166853664,South,Home,7
653,26,63887.68603154672,68.66121292050039,South,Beauty,5
654,31,52936.67414378624,108.13496625988708,East,Electronics,6
655,70,66769.67686923382,79.03173766966012,West,Home,7
656,40,54091.97179721941,92.96313793974461,South,Home,2
657,40,63369.219525392284,98.71431281429157,South,Home,7
658,24,86351.95071215919,64.52246100840073,East,Clothing,5
659,27,39869.14869440718,56.21242664853284,West,Clothing,5
660,28,82797.57122258091,79.87341924839743,South,Beauty,7
661,33,86342.3013467973,96.61714590851824,South,Home,6
662,33,57638.629460178425,88.70893443090625,West,Home,5
663,44,17562.902019828107,105.92510666143899,South,Electronics,0
664,23,47843.56025811135,70.32182047621086,West,Beauty,7
665,36,85939.89093122218,108.40596008955137,West,Electronics,5
666,31,59542.63875402236,74.54647661821004,East,Beauty,5
667,26,40013.95535410178,71.41964392331838,North,Beauty,6
668,43,49904.50157543565,56.61671150337415,West,Clothing,8
669,18,76812.40053009106,77.91714326773335,East,Clothing,4
670,58,70934.67136402758,105.16280620178006,North,Electronics,6
671,44,55221.358016606115,73.58522462260841,South,Beauty,4
672,18,52663.51176370625,113.15064982437205,North,Home,1
673,20,52164.83701912356,66.07084470565874,West,Clothing,3
674,35,41551.79631002995,96.85170133664423,West,Home,4
675,28,92307.51378938883,103.34860432035106,West,Electronics,5
676,18,53553.5906157732,62.61689842068222,West,Clothing,4
677,18,84343.17041650994,70.30134428708789,West,Clothing,5
678,51,90426.32103844902,58.1478760043106,East,Beauty,2
679,56,79966.2179629592,96.387820051263,West,Electronics,2
680,45,51367.59374563903,70.71680765102914,East,Beauty,5
681,33,68074.60180673219,56.380832308967584,South,Clothing,5
682,31,59516.08787218168,104.95748744243905,West,Electronics,5
683,18,41925.96278539744,62.17194421484906,West,Clothing,6
684,50,66487.18563443205,103.02053727719522,North,Electronics,4
685,18,36419.20417680395,73.67053167903624,South,Clothing,9
686,48,83753.58776923128,85.55373134602466,West,Home,7
687,37,50707.65405403214,87.73299140852491,West,Home,2
688,25,64023.19311745679,75.92429327030182,South,Beauty,3
689,48,65665.75743092284,90.47957110479022,East,Home,4
690,30,54821.900525918456,52.31146095734999,West,Clothing,6
691,20,71733.8760295055,67.82388132157075,North,Clothing,7
692,53,50501.92686754951,85.41413997512812,West,Home,4
693,18,77425.94594914488,80.26097427117143,North,Beauty,5
694,47,33080.40639506503,96.87073393016205,North,Home,5
695,52,62527.591590928234,90.91414054977227,West,Electronics,3
696,41,98778.5799811657,106.23156355112444,West,Electronics,3
697,48,39993.37350788851,97.84975784325829,North,Electronics,7
698,24,46445.10058950297,98.77046359666586,South,Home,3
699,51,70278.1569931783,82.81309605158766,South,Home,8
700,37,63591.63563879196,98.47898109117965,West,Home,8
701,38,67012.60198547118,102.32919066939493,East,Electronics,5
702,42,69783.74260295327,56.648457093242996,South,Beauty,5
703,18,72694.4293712354,70.42243066776498,West,Clothing,3
704,23,82193.99683912446,105.62640946358415,South,Home,3
705,18,68196.37313857026,70.9854332339714,East,Beauty,6
706,32,55174.84690762915,54.60178162224379,West,Clothing,5
707,18,73451.47402405462,66.39835769433766,East,Clothing,4
708,46,97997.6386979043,50.884871593667995,West,Clothing,6
709,18,57347.325072348525,83.89717029866343,East,Beauty,3
710,50,40509.41390658717,63.734530317083056,South,Beauty,12
711,47,82141.61338573946,94.26750898229656,South,Electronics,1
712,28,57592.376720928034,67.87401086131138,East,Beauty,6
713,23,16546.609079719274,70.5565329476183,East,Beauty,1
714,34,76948.43354300843,73.30736314913067,East,Beauty,6
715,24,49293.436280921545,64.4101810523111,West,Clothing,1
716,53,58189.33435391678,86.84325683805098,South,Home,4
717,46,66639.6066113803,99.67462026899497,West,Electronics,3
718,41,63809.99359558133,95.38178523837455,South,Home,3
719,35,74189.03634278079,94.81156439628882,North,Home,5
720,29,51290.27258860313,75.81427240228565,West,Beauty,5
721,48,70262.11596352165,106.42250265145464,South,Electronics,5
722,19,54809.06644832165,104.16932550504623,South,Home,9
723,23,74776.20961775006,106.82495441281961,West,Home,3
724,53,72307.34968026108,98.37405658235261,West,Electronics,3
725,32,41291.225959108095,70.81129469806037,South,Beauty,6
726,37,81719.64232350065,97.12659167010752,West,Home,6
727,25,49280.731097719035,61.73572504092887,East,Clothing,3
728,44,76161.15596562291,89.65362780833688,West,Home,7
729,18,67345.7462680268,68.1678123009594,West,Clothing,4
730,20,96763.67353590246,81.40100860593037,West,Beauty,1
731,42,55530.68035256296,98.26181272963075,South,Home,7
732,33,53013.66407763605,111.63840208937238,East,Electronics,7
733,49,59611.60788224535,108.82320910983137,North,Electronics,2
734,19,53936.40434331449,91.17572313604244,North,Home,5
735,42,75998.838038841,60.628988521399265,East,Beauty,6
736,35,27673.78783126824,68.22032541456515,East,Beauty,9
737,48,38926.35161707292,102.31877792411288,East,Electronics,3
738,51,38643.941568416136,97.26036655710968,South,Home,4
739,49,79006.15183947151,71.23938802891837,North,Beauty,10
740,57,94212.2674516385,93.7060021396883,East,Electronics,4
741,18,57911.01562925057,82.814898262687,South,Clothing,4
742,24,56623.565536199785,91.97020452554632,North,Home,4
743,18,61401.04326226363,63.961416154251424,West,Clothing,7
744,25,83237.5660521638,53.9241001464829,South,Clothing,8
745,36,41452.937316188516,69.84161064969909,North,Beauty,6
746,21,64767.3796546957,77.631562572935,South,Beauty,6
747,32,79503.95259564859,83.0297329298387,North,Beauty,3
748,30,70021.8833987969,94.36453587613852,North,Home,5
749,18,63791.63233197487,70.62961791515326,West,Clothing,6
750,23,80020.92185134282,100.79541232402465,South,Home,2
751,18,5935.3541400152535,71.50328917075615,East,Beauty,8
752,18,73557.50639061816,79.41657287963764,West,Clothing,5
753,28,46918.486337451526,97.7675966463592,West,Home,4
754,52,23387.342062870863,91.53205520013277,North,Home,4
755,33,70224.05199049962,110.83626107591395,East,Electronics,2
756,71,87473.17090325916,71.71081690694882,South,Home,5
757,35,57251.02970744616,73.98215183321055,East,Beauty,5
758,42,79057.49094405878,92.80383408741531,East,Home,4
759,18,92245.5651597729,69.96384181525562,East,Clothing,2
760,48,86298.28907168095,85.60893950890123,East,Home,4
761,38,92799.29058742785,103.27851926842854,East,Electronics,4
762,26,74842.54982143785,56.56125662323166,North,Clothing,1
763,55,61508.672778031854,46.880538183824,North,Clothing,8
764,43,27960.68376205663,100.97788658351415,West,Electronics,4
765,43,55078.75023740103,74.3199313990405,North,Beauty,10
766,18,43135.068093676164,61.407382578941835,West,Clothing,6
767,29,103418.85434995627,71.37571036750727,West,Beauty,3
768,46,56482.283751353265,55.21427746981473,South,Clothing,6
769,18,62464.09613568972,59.74354798650782,East,Clothing,4
770,51,71029.70752080934,66.29815393427423,North,Beauty,3
771,33,60872.048927449076,56.999356065859004,South,Clothing,2
772,23,93901.02080861505,71.08990251394547,North,Beauty,3
773,52,47547.01276531096,91.40053600190508,West,Electronics,5
774,41,63892.14910474485,63.56633802216324,North,Beauty,3
775,52,45150.588286039034,103.63128745542195,East,Electronics,4
776,18,33599.54977558588,66.97831086853047,West,Clothing,3
777,21,47764.61818189429,78.92483208023818,West,Beauty,6
778,22,59259.26405903176,64.63412342567482,South,Clothing,5
779,29,51413.9555096548,76.99283336555295,East,Beauty,5
780,52,46151.58040252288,97.0699871217528,West,Electronics,4
781,47,31873.650726563323,102.41049122907931,East,Electronics,4
782,18,58337.888547426104,86.60468256203123,North,Beauty,6
783,49,29905.592519379956,95.3201903569668,East,Electronics,4
784,32,75201.11927379205,57.168291614311215,West,Clothing,6
785,31,61648.79505869006,60.383810516251316,South,Clothing,4
786,52,30848.97001070139,87.97570489668708,West,Home,5
787,55,53815.81845900273,99.67973814857736,East,Electronics,5
788,30,44956.87188818834,60.11175277483183,East,Clothing,4
789,29,66383.4902083836,80.84814293469746,West,Beauty,5
790,25,86809.00892046289,108.69029380932459,East,Electronics,3
791,30,22496.55060708511,55.06670486137945,North,Clothing,4
792,47,62300.52158294834,100.79145639149088,West,Electronics,6
793,33,56797.34408866719,70.66276720722409,South,Beauty,6
794,18,73426.80152900932,73.63438531764511,West,Clothing,1
795,27,64263.932564753784,98.67613870101061,North,Home,3
796,52,44960.61336522362,86.9646782634149,North,Home,4
797,44,53618.92128666764,107.38913015619563,North,Electronics,6
798,38,44079.48286393022,74.46805877586294,North,Beauty,4
799,25,81520.14277197196,62.256171740784424,North,Clothing,3
800,30,60426.23297343885,70.78847578275426,South,Beauty,14
801,36,98023.81371506015,52.057354960670494,East,Clothing,5
802,38,58786.78372370759,109.95379656116265,North,Electronics,4
803,26,45831.86466179074,73.20463278102896,North,Clothing,5
804,24,29725.712147743456,80.01045655794134,West,Beauty,5
805,24,23937.206474881095,76.53744398926091,South,Beauty,7
806,41,28317.281139890205,104.3898496374153,South,Electronics,7
807,32,65342.53302022967,73.72838953540962,East,Beauty,7
808,19,70174.50046459868,67.88215083358563,South,Clothing,2
809,60,28376.18595935733,86.1593448364664,West,Electronics,5
810,18,77900.76628152232,67.23369723300347,West,Clothing,3
811,27,50338.778966331214,76.1175393701102,East,Beauty,7
812,39,62935.860239710986,120.4640528503032,West,Electronics,2
813,42,92244.41256510849,61.07602263350911,North,Clothing,6
814,32,77936.78631731065,63.47647495101094,North,Beauty,4
815,42,54629.387041883354,60.87939070569614,West,Beauty,8
816,22,42176.155491694255,98.75037583767828,East,Home,5
817,33,16963.6919734139,71.51270719908761,South,Beauty,1
818,35,45616.933615151596,66.70907804693303,East,Clothing,2
819,45,55777.39522344611,111.22929485136568,South,Electronics,3
820,52,40256.409456976326,83.94968024951959,West,Home,6
821,23,57374.860658153906,67.56360460179415,West,Beauty,8
822,46,61537.03765917537,68.65605551599877,North,Beauty,4
823,57,55502.88036383843,63.35777983144071,South,Beauty,3
824,20,46999.948383530806,64.27325288843058,East,Clothing,6
825,34,63373.09343933455,96.93636257013713,West,Home,6
826,42,68838.81299138819,55.736987432173805,East,Clothing,8
827,58,38192.01845114308,88.21857752878022,North,Home,6
828,38,88218.6475949254,109.61337412444149,South,Electronics,6
829,19,58028.23735431476,60.5599859099853,South,Clothing,5
830,21,60376.99245889695,63.76403624615995,West,Clothing,4
831,28,74164.28846513115,107.23398109204514,South,Electronics,5
832,28,64664.32262527003,95.50860332901077,West,Home,5
833,18,79062.7326782649,80.63585276438896,North,Beauty,6
834,35,65742.48330403649,106.93203919149018,South,Electronics,11
835,29,47751.25250719124,67.39432993621038,West,Beauty,8
836,32,67230.07050412204,78.40069469434258,East,Beauty,7
837,63,37125.475853586766,90.78289785111741,West,Electronics,7
838,28,62171.19411553047,94.15616227713545,South,Home,4
839,41,59335.40018711078,77.1860531985918,North,Beauty,8
840,42,55837.662854549206,110.31927969548194,South,Electronics,6
841,24,57429.24977122139,62.00468723120065,South,Clothing,2
842,33,22363.019090047215,59.424135168108265,West,Clothing,4
843,18,49025.50184518077,71.16380239318505,East,Clothing,0
844,49,61856.89802282229,101.81251445425917,South,Electronics,6
845,26,63197.12783994801,64.7991422441403,East,Clothing,0
846,35,39446.49718148084,70.73538413722987,West,Beauty,7
847,28,85314.15681729402,62.1882132814998,East,Clothing,9
848,54,42676.50303570998,41.94628686685418,West,Clothing,7
849,22,79389.14401053474,79.05267689225619,North,Beauty,2
850,18,68543.8872374337,61.30766447129457,East,Clothing,4
851,22,47075.453803123935,77.50869327398021,East,Beauty,8
852,18,95506.21785219024,63.267961902681634,North,Clothing,5
853,22,36127.2633648704,79.151845944994,East,Beauty,5
854,39,78383.08347220003,54.08879704038385,North,Clothing,6
855,47,80011.64636085957,63.402206216868024,South,Beauty,2
856,38,46587.5958184671,102.07918070820084,West,Electronics,4
857,20,87849.30600128658,77.32717880078098,North,Beauty,7
858,30,54999.06970802094,65.25387145236057,East,Clothing,3
859,18,65773.87258559714,60.185305065735434,North,Clothing,6
860,47,65206.436775424416,92.06730082835918,East,Home,2
861,32,57313.82517058904,76.02858800248683,South,Beauty,8
862,26,76216.16546319565,109.6462245043761,North,Electronics,10
863,48,75869.77441104426,75.2281208094822,South,Beauty,5
864,51,25029.36053523638,54.99964382799131,West,Beauty,4
865,37,86086.80485756305,112.10594071284952,East,Electronics,4
866,25,26750.160239286517,74.48093757798516,East,Beauty,8
867,48,80650.92408683314,109.00048923410239,South,Electronics,9
868,49,82534.10273655166,108.14165781743122,West,Electronics,7
869,37,38180.67139569603,63.09769757383958,North,Beauty,7
870,54,51783.7142409083,68.46012449288041,North,Beauty,3
871,22,37885.906630281286,62.2129247591465,East,Clothing,8
872,18,55701.57939422529,72.26504749107025,South,Clothing,7
873,23,53839.31431628518,100.83748053471156,South,Home,2
874,31,75593.2106453868,101.15249066992976,North,Home,5
875,29,86206.17492239217,70.06131015340051,West,Beauty,7
876,66,87913.67621579912,95.78516032526989,West,Electronics,6
877,33,48756.63946843396,91.47101393314426,North,Home,1
878,32,55815.562525109446,64.28399603107103,North,Beauty,3
879,39,26331.236155581,84.10280537288284,South,Home,4
880,59,43882.59867007622,94.23687565598682,West,Electronics,4
881,60,79297.03266194915,60.690934994242866,North,Beauty,3
882,38,92311.65647096463,89.79243087335439,North,Electronics,7
883,24,35313.02256240156,84.22155557371556,East,Beauty,9
884,52,48150.71481694211,83.83497959086833,North,Home,4
885,33,59471.88486082146,57.000612627516944,North,Clothing,3
886,62,65603.22317639213,77.66823695367492,West,Home,4
887,47,43807.92960156708,88.6060579995985,South,Home,4
888,20,68481.2208892818,67.30207824921412,West,Clothing,6
889,32,50523.21305858168,58.302289785360486,South,Clothing,3
890,43,59710.95458243442,69.31798934280381,East,Beauty,10
891,39,70925.684960074,69.02398938640958,North,Beauty,5
892,51,60128.445396218754,100.9858001190411,East,Electronics,5
893,57,51272.28218946863,96.4908562057795,South,Electronics,3
894,54,57807.803921483384,82.31577392864806,West,Home,2
895,41,58232.740815893296,55.78391628662361,West,Clothing,7
896,52,52599.779402357446,99.69991048160676,East,Electronics,5
897,37,54824.07874665795,97.70508475668224,South,Home,4
898,26,91972.94341009433,60.857637280952304,East,Clothing,6
899,44,71218.38895882477,67.54570461387996,East,Beauty,5
900,30,54090.39363941679,96.05924868788742,North,Home,4
901,34,73939.08809021472,77.57420331412777,East,Beauty,7
902,40,53323.6102048798,105.26948673516603,North,Electronics,4
903,45,83462.49275173282,95.86868919025422,North,Electronics,2
904,40,67392.84384396188,58.33532736364177,West,Clothing,3
905,42,57853.95711991542,92.2523724938695,North,Home,8
906,30,68954.33851620555,68.12900364992925,North,Beauty,5
907,18,28582.476958630014,63.27471796296783,West,Clothing,6
908,53,37464.6506218039,101.28704278425593,East,Electronics,2
909,52,36121.49987201889,102.16108157015925,South,Electronics,3
910,65,62858.86189527414,80.78817279220472,South,Home,3
911,26,94650.29998970183,73.94076447956843,South,Beauty,7
912,42,104626.00292385265,92.47477546206093,East,Home,5
913,32,72761.02202881515,69.23654925745234,North,Beauty,2
914,48,70016.88949888914,57.66067346354144,South,Beauty,2
915,38,23978.84531694522,93.37935444772513,East,Home,7
916,28,49146.52400531957,59.18343995805728,North,Clothing,8
917,47,44244.32496183522,91.55300345205157,West,Home,4
918,42,47583.04803497768,87.52172433087097,South,Home,4
919,39,56637.12362830421,108.9116939102983,North,Electronics,4
920,47,50558.18844605745,106.23288501786693,South,Electronics,3
921,52,20414.003792484247,93.49708963326941,South,Home,4
922,27,74958.20512235067,97.81731308315733,South,Home,6
923,46,38545.139485203865,105.02025822460811,North,Electronics,5
924,21,64784.93728222299,75.35812370291599,East,Beauty,5
925,54,101481.65339499948,78.9422543105066,North,Home,3
926,18,41612.30816827153,73.48286338347154,South,Clothing,6
927,18,9394.249545073406,68.66847624003097,North,Clothing,4
928,29,54279.915562397786,67.96476311376914,West,Clothing,2
929,58,82019.19269997142,84.44036678495887,East,Home,5
930,29,99166.94908441187,78.53860547991225,North,Beauty,7
931,23,35409.00811095166,78.83301074196363,West,Beauty,8
932,67,69933.98446473043,89.44985294230544,East,Electronics,0
933,22,50693.790864398936,97.24409758776258,West,Home,5
934,18,57881.03291391729,89.22155250054101,East,Beauty,4
935,45,112886.8669403407,93.32667267254438,North,Home,6
936,38,29940.593432096935,105.64581576041955,West,Electronics,4
937,32,65074.79322989147,109.45562433626688,South,Electronics,7
938,53,69353.86343530867,99.0384972455331,West,Electronics,2
939,27,81715.72649878694,59.54487666567212,East,Clothing,3
940,33,61959.66306941791,107.04802788021189,North,Home,3
941,29,66161.01079008204,115.49108827985864,East,Electronics,5
942,50,52167.02865156418,83.56713954221075,West,Home,6
943,32,65382.53882490215,66.39740880930437,West,Clothing,9
944,23,53136.15449005179,60.20488086670164,South,Clothing,6
945,67,72431.43779712102,94.71834376511245,North,Electronics,7
946,32,52607.79327912732,119.38671719784976,North,Electronics,2
947,18,67542.00787804373,82.73237805826659,West,Beauty,2
948,31,59414.74372630043,98.66186166611992,North,Home,8
949,44,82521.00501544337,114.03234489942336,South,Electronics,8
950,32,58972.12552823027,74.11661891364294,East,Beauty,8
951,37,24539.35063586237,85.22247205647686,North,Home,7
952,49,85238.43001427983,100.89824791306962,West,Electronics,6
953,18,41885.35398274762,76.49704828825948,East,Beauty,2
954,47,46924.6732270236,62.45245057036385,East,Beauty,7
955,39,48086.77411913016,95.26952614720673,South,Home,6
956,43,87488.76186341635,66.96002118484338,West,Beauty,5
957,44,17286.51572042609,86.07143100100156,North,Home,6
958,45,122754.97067319987,86.87582690782759,West,Home,4
959,46,81121.13618132104,83.99356755080086,East,Home,4
960,30,64464.7782825832,66.64323205772322,West,Clothing,4
961,37,58902.119987674276,70.38757929440945,North,Beauty,5
962,55,65711.08149715314,88.66075613027368,North,Home,4
963,47,70422.44856758676,82.31672225770315,South,Electronics,7
964,33,72904.31171900114,62.58733563349186,North,Clothing,2
965,23,71112.08932006898,58.932707101838886,North,Clothing,4
966,47,61791.613625104976,65.60093927460936,West,Beauty,1
967,31,56053.23159385348,102.03652178736631,West,Home,6
968,51,56974.53432692977,61.3083235899181,East,Beauty,1
969,24,56101.83439294638,64.53519618625911,South,Clothing,6
970,22,82675.40193734129,101.61692607329253,West,Home,6
971,46,71871.13444561724,108.18416233063633,North,Electronics,0
972,31,1192.2273067143979,92.6778664733214,East,Home,6
973,35,73118.01553059522,57.243820822339046,West,Clothing,1
974,37,63894.7238943755,103.79811830506473,South,Electronics,4
975,34,59625.82487108205,103.4476151805193,South,Home,6
976,22,52229.63093822228,109.99258039084496,East,Electronics,7
977,39,82482.25439972027,103.50777362505316,East,Electronics,6
978,18,78950.52924245715,80.627922968375,East,Clothing,3
979,25,44542.446643527815,110.26678476592697,East,Electronics,7
980,39,68141.0457424907,66.11288299434835,East,Beauty,6
981,34,40566.86530917428,56.883642057833455,North,Clothing,5
982,35,32407.63670422139,85.78885641522149,North,Beauty,7
983,33,47465.655508200696,111.56134905052696,West,Electronics,4
984,29,77247.86944765518,77.533936364662,South,Beauty,7
985,39,79062.50090752174,89.24794936122672,North,Home,1
986,31,70261.70840194586,101.70282110436887,North,Electronics,2
987,58,74501.91573695994,72.68983850036281,North,Home,2
988,40,70323.56574229916,69.5657373797631,West,Beauty,6
989,37,47170.36809554096,96.29194504978534,East,Home,8
990,45,68638.45089347882,97.111396271042,West,Electronics,6
991,42,76008.19050455364,85.97612663179241,South,Home,0
992,18,75085.82659627148,83.83395750896803,South,Beauty,10
993,27,83778.26742949286,71.74390586528062,South,Beauty,2
994,21,74166.07694402128,76.34599703136521,South,Beauty,5
995,32,67028.96415083166,110.71579277098708,North,Electronics,8
996,26,81403.00476632855,75.96414421793342,North,Beauty,5
997,66,59469.5748150188,95.11472015206654,West,Electronics,4
998,47,42362.50697544565,93.94304396749587,East,Home,3
999,23,56738.660721124725,66.59782227968459,South,Beauty,7
1000,46,45101.94710387102,87.5943115166329,West,Home,7
